Date,Machine,Shift,Operateur,Quantité_produite,Défauts,Temps_arret(min),Maintenance_preventive,Temperature,Humidite
2025-09-15,A001,Matin,Jean,982,49,118,True,20.2,40.5
2025-09-15,C002,Nuit,Anna,801,46,71,False,31.4,74.4
2025-08-26,C001,Nuit,Marie,1105,8,118,True,21.4,76.0
2025-09-19,B001,Nuit,Anna,1073,35,117,False,31.7,77.4
2025-09-03,C002,Matin,Anna,963,47,109,False,23.4,70.4
2025-09-13,A003,Après-midi,Marie,824,27,67,True,33.1,43.0
2025-08-30,A003,Nuit,Pierre,1137,2,9,True,30.2,44.9
2025-09-11,A003,Matin,Pierre,1157,7,14,False,19.8,60.9
2025-09-17,A002,Nuit,Luc,940,45,23,True,20.2,76.9
2025-09-02,A003,Après-midi,Pierre,841,1,52,True,32.0,44.8
2025-08-26,A003,Matin,Marie,1013,41,116,True,32.8,76.9
2025-09-09,A001,Après-midi,Sophie,948,18,19,True,23.7,68.9
2025-09-23,B001,Après-midi,Anna,834,49,59,False,30.8,60.3
2025-09-14,C002,Nuit,Jean,831,16,107,True,33.2,43.5
2025-09-03,B002,Nuit,Sophie,1037,41,102,False,33.4,79.0
2025-09-04,A002,Après-midi,Sophie,853,17,101,False,28.6,62.6
2025-08-30,C002,Nuit,Sophie,1021,30,3,False,18.5,56.8
2025-09-14,A001,Après-midi,Sophie,1055,34,68,True,31.7,43.8
2025-09-11,C002,Matin,Thomas,855,34,81,False,27.6,49.7
2025-09-04,B001,Matin,Pierre,1097,49,54,True,25.3,51.0
2025-09-22,C002,Matin,Jean,935,44,93,True,18.1,62.6
2025-09-10,B001,Après-midi,Luc,1021,33,77,False,23.2,51.7
2025-09-10,B001,Nuit,Marie,1021,16,106,True,21.6,74.3
2025-09-10,A002,Après-midi,Thomas,1146,48,108,False,24.2,58.3
2025-08-25,A002,Nuit,Jean,890,4,51,False,21.5,44.9
2025-09-14,B002,Nuit,Sophie,1148,11,115,True,26.8,44.0
2025-09-01,C001,Nuit,Luc,1101,47,20,True,23.9,69.3
2025-09-05,B001,Après-midi,Jean,1192,47,88,False,22.1,43.1
2025-08-26,C002,Après-midi,Anna,816,48,95,True,27.8,68.6
2025-09-10,B002,Matin,Marie,1104,48,56,False,22.2,66.3
2025-08-27,A003,Nuit,Luc,903,50,47,False,34.4,45.4
2025-09-15,C001,Après-midi,Sophie,1151,8,108,True,31.9,65.3
2025-09-15,C002,Après-midi,Jean,981,2,59,False,27.2,42.4
2025-09-06,A003,Après-midi,Luc,1031,24,73,False,21.8,69.3
2025-08-26,C001,Après-midi,Marie,1015,28,117,False,34.0,78.0
2025-09-04,C001,Matin,Anna,1027,26,82,True,20.6,75.5
2025-08-31,B002,Après-midi,Thomas,1081,35,89,False,21.4,42.2
2025-08-25,B001,Nuit,Sophie,987,24,38,True,20.6,56.6
2025-09-23,B001,Nuit,Luc,812,17,7,False,19.0,46.7
2025-09-07,A003,Nuit,Sophie,923,35,106,False,18.2,45.4
2025-09-07,B002,Après-midi,Anna,1062,49,49,True,25.8,73.1
2025-09-11,C002,Matin,Luc,1061,19,40,True,31.1,73.2
2025-09-14,A001,Nuit,Jean,953,21,87,True,18.1,57.0
2025-09-11,B002,Matin,Anna,851,11,94,False,32.6,44.8
2025-08-28,B002,Après-midi,Marie,983,49,67,True,22.5,44.8
2025-09-13,A001,Après-midi,Marie,1149,31,29,False,28.5,46.4
2025-08-30,A001,Matin,Marie,1200,1,39,False,18.5,51.2
2025-09-16,B002,Nuit,Marie,837,32,113,False,18.5,72.4
2025-09-15,C001,Après-midi,Thomas,1131,36,52,False,30.8,54.1
2025-08-30,B001,Après-midi,Thomas,1122,50,79,True,28.4,40.3
2025-08-26,A001,Nuit,Jean,1032,22,51,True,34.1,71.7
2025-09-01,A001,Nuit,Pierre,963,1,5,True,22.2,63.3
2025-09-01,B002,Après-midi,Marie,908,37,33,False,20.4,58.0
2025-09-13,A003,Nuit,Marie,988,49,68,False,29.9,49.0
2025-09-20,A002,Après-midi,Marie,1194,5,31,True,22.7,62.4
2025-09-11,A003,Matin,Thomas,1139,11,65,False,18.1,52.2
2025-09-01,A003,Matin,Anna,877,47,61,True,29.8,75.6
2025-09-17,C001,Matin,Anna,840,49,90,False,29.2,49.8
2025-09-20,A003,Matin,Jean,1185,43,13,True,20.9,47.2
2025-08-30,A002,Après-midi,Marie,899,38,39,True,25.6,70.8
2025-09-10,A002,Matin,Thomas,814,13,99,True,21.9,78.5
2025-09-12,B002,Après-midi,Luc,823,13,30,True,26.1,55.5
2025-09-23,A002,Nuit,Pierre,922,43,72,True,23.7,48.3
2025-09-02,C001,Nuit,Thomas,1044,42,99,True,27.0,72.8
2025-09-01,A002,Matin,Anna,897,2,45,True,18.1,74.3
2025-09-18,B002,Après-midi,Pierre,1134,43,46,True,34.7,60.0
2025-09-07,B001,Après-midi,Pierre,1023,19,39,False,19.2,60.8
2025-09-19,B002,Matin,Anna,1085,39,93,False,26.7,48.7
2025-09-14,B001,Matin,Luc,1112,47,68,True,29.8,55.9
2025-09-18,B002,Matin,Thomas,1145,15,76,False,21.7,51.6
2025-08-31,A002,Matin,Luc,1148,47,15,False,21.5,46.1
2025-09-16,C001,Après-midi,Jean,1079,18,89,False,20.3,44.8
2025-08-31,A001,Matin,Jean,1163,31,48,False,30.7,43.6
2025-09-14,A002,Nuit,Anna,926,20,55,True,34.9,76.5
2025-08-27,A001,Matin,Luc,980,1,63,True,26.6,50.9
2025-09-14,C002,Nuit,Sophie,1170,26,110,False,33.8,78.8
2025-08-31,B001,Matin,Anna,942,11,95,True,18.6,51.8
2025-09-10,B002,Nuit,Thomas,1064,46,47,True,26.0,74.7
2025-09-21,C001,Matin,Anna,1198,3,40,True,32.4,41.7
2025-09-02,C002,Après-midi,Thomas,1195,6,106,True,26.3,61.4
2025-09-14,B001,Après-midi,Luc,831,10,30,True,18.0,61.7
2025-08-29,C002,Matin,Jean,813,29,93,True,32.8,49.2
2025-09-21,B002,Matin,Pierre,865,22,118,True,23.1,40.3
2025-09-11,C002,Après-midi,Sophie,965,19,9,False,26.9,59.1
2025-09-21,A001,Matin,Thomas,984,12,58,True,26.3,67.4
2025-09-23,C002,Nuit,Anna,1012,39,86,False,22.7,67.1
2025-09-19,A001,Nuit,Thomas,834,17,85,False,28.1,53.7
2025-08-24,A002,Après-midi,Marie,989,32,118,True,23.2,72.6
2025-09-22,C002,Après-midi,Jean,963,2,78,False,33.1,57.7
2025-09-08,A002,Après-midi,Anna,1131,5,27,False,29.0,48.7
2025-08-25,A001,Matin,Thomas,996,10,30,False,23.1,77.3
2025-09-15,A003,Matin,Anna,876,31,75,True,31.1,49.6
2025-09-16,A003,Matin,Marie,892,8,91,True,33.4,61.8
2025-09-17,C002,Nuit,Luc,865,18,57,False,34.0,69.4
2025-09-20,A001,Matin,Sophie,1045,30,64,False,29.1,79.0
2025-09-12,A003,Matin,Thomas,958,11,49,True,22.8,69.8
2025-09-12,A003,Après-midi,Pierre,1004,29,39,True,30.4,40.5
2025-08-30,A001,Nuit,Jean,956,35,12,True,21.4,48.6
2025-09-16,B001,Nuit,Thomas,848,12,98,True,30.2,56.7
2025-08-26,A003,Matin,Anna,1079,18,97,True,22.8,68.4
2025-09-11,B001,Après-midi,Sophie,857,21,103,False,34.8,76.0
2025-09-04,B002,Matin,Jean,822,23,57,False,22.7,76.5
2025-09-01,A002,Nuit,Luc,1018,13,6,False,25.9,42.6
2025-09-22,A001,Après-midi,Marie,850,1,51,False,29.8,52.4
2025-09-07,B002,Après-midi,Marie,902,17,58,False,32.3,40.3
2025-08-31,B002,Après-midi,Pierre,1138,9,110,True,34.0,42.5
2025-09-02,A001,Matin,Sophie,1189,27,23,False,25.6,55.8
2025-09-03,C002,Après-midi,Anna,914,31,16,False,23.0,75.4
2025-08-28,A002,Nuit,Jean,956,4,28,True,32.0,42.4
2025-09-09,A003,Nuit,Jean,1096,0,27,True,23.7,45.5
2025-08-27,C002,Matin,Pierre,993,11,115,False,30.7,51.5
2025-09-12,B002,Après-midi,Marie,875,41,1,False,22.5,40.0
2025-09-11,C001,Nuit,Thomas,1199,36,20,False,30.9,75.3
2025-09-11,B001,Nuit,Thomas,828,36,95,False,19.4,43.9
2025-09-04,A001,Matin,Luc,1112,24,41,False,26.1,53.0
2025-09-16,B002,Après-midi,Pierre,955,23,94,True,29.2,58.8
2025-09-08,A003,Nuit,Pierre,1135,22,15,False,19.4,74.7
2025-09-01,A003,Nuit,Luc,838,6,45,False,30.4,49.2
2025-09-13,A003,Nuit,Sophie,856,18,31,True,20.2,66.9
2025-09-20,C002,Nuit,Pierre,1149,3,54,False,18.0,69.6
2025-09-19,C002,Nuit,Marie,1174,12,14,False,31.0,77.2
2025-08-28,A002,Nuit,Jean,838,37,95,True,25.8,79.4
2025-09-11,A002,Nuit,Jean,913,36,111,False,23.6,59.4
2025-09-15,A001,Après-midi,Anna,1077,18,66,False,26.1,64.7
2025-09-09,A001,Après-midi,Thomas,1150,0,102,True,30.7,71.3
2025-09-17,A001,Nuit,Sophie,939,5,13,False,24.4,65.9
2025-08-26,A003,Après-midi,Sophie,1010,22,59,True,31.3,65.1
2025-09-13,B002,Après-midi,Marie,989,33,88,False,31.6,46.8
2025-09-23,C001,Matin,Marie,1092,44,41,False,28.8,69.2
2025-09-10,C001,Matin,Sophie,829,18,107,False,27.1,56.7
2025-09-21,B001,Matin,Jean,1103,19,14,False,33.7,57.4
2025-09-15,C002,Matin,Marie,1192,19,17,False,19.5,60.2
2025-09-07,A001,Matin,Luc,1168,3,18,True,22.8,49.5
2025-09-11,B002,Après-midi,Pierre,1126,38,41,True,21.0,54.2
2025-08-25,A002,Nuit,Sophie,1126,13,18,False,29.7,69.9
2025-09-21,C001,Nuit,Marie,809,4,81,True,30.4,75.6
2025-08-31,B002,Après-midi,Jean,1078,16,68,False,32.2,79.1
2025-08-28,A001,Nuit,Jean,983,9,86,True,22.3,43.0
2025-08-29,A003,Après-midi,Marie,1076,4,118,False,20.5,64.8
2025-09-18,C001,Nuit,Marie,1009,13,11,True,31.9,41.8
2025-08-27,A003,Matin,Sophie,945,38,59,True,28.6,62.2
2025-08-31,A003,Après-midi,Sophie,805,39,64,True,25.9,69.8
2025-09-10,A003,Matin,Thomas,1098,32,55,False,22.2,48.4
2025-09-13,B001,Après-midi,Anna,1022,48,70,True,28.5,58.8
2025-09-10,C001,Après-midi,Jean,878,36,52,False,19.2,79.8
2025-09-10,A001,Après-midi,Sophie,1098,38,117,True,26.4,65.2
2025-09-20,B001,Après-midi,Anna,1090,25,88,True,24.5,41.5
2025-09-11,A001,Matin,Thomas,1139,14,5,False,19.2,54.6
2025-08-31,C002,Matin,Luc,1159,39,35,True,29.4,63.9
2025-08-25,C002,Matin,Jean,829,5,101,True,34.2,56.1
2025-09-17,C001,Nuit,Thomas,1103,12,110,True,34.4,46.0
2025-08-31,A002,Après-midi,Anna,826,18,72,True,26.5,47.4
2025-09-11,B002,Après-midi,Jean,938,3,109,True,29.0,51.2
2025-09-23,B002,Matin,Thomas,813,49,57,True,23.9,49.2
2025-09-17,A002,Matin,Sophie,970,6,0,True,27.7,65.7
2025-09-10,C001,Matin,Pierre,802,3,47,False,30.1,42.5
2025-09-08,B001,Matin,Pierre,847,40,10,False,21.3,57.2
2025-09-17,A001,Matin,Sophie,963,38,31,True,32.3,50.0
2025-09-23,C001,Nuit,Luc,1127,27,1,True,25.6,45.4
2025-08-30,C002,Matin,Marie,902,46,54,True,33.4,53.5
2025-09-21,C001,Après-midi,Pierre,1127,13,41,True,19.5,77.5
2025-09-10,B001,Nuit,Marie,821,35,73,True,27.1,44.1
2025-09-10,C001,Après-midi,Pierre,1006,22,54,False,31.4,42.9
2025-09-11,A001,Nuit,Thomas,920,26,68,True,33.6,70.7
2025-09-16,A001,Nuit,Thomas,927,36,1,False,25.8,69.5
2025-08-28,A002,Nuit,Anna,1102,34,112,True,20.3,72.8
2025-09-02,C002,Après-midi,Anna,906,23,118,True,31.6,48.2
2025-08-26,B001,Après-midi,Luc,827,44,88,True,26.4,78.0
2025-09-05,C002,Nuit,Jean,1043,21,22,False,32.3,50.5
2025-08-31,C002,Nuit,Thomas,1105,35,76,False,30.8,72.3
2025-08-28,A003,Matin,Marie,1193,33,111,False,23.1,72.4
2025-09-01,B002,Nuit,Pierre,904,14,24,False,23.5,78.7
2025-09-21,A003,Nuit,Thomas,981,10,101,True,20.6,67.8
2025-09-23,C002,Matin,Marie,1127,13,94,True,29.6,75.9
2025-09-21,B001,Nuit,Jean,813,37,19,True,29.0,40.9
2025-08-25,A001,Matin,Sophie,1052,3,43,False,18.8,70.1
2025-09-01,B001,Nuit,Jean,1075,7,65,True,27.0,58.8
2025-09-15,C002,Nuit,Jean,905,17,5,True,26.4,46.4
2025-09-10,C001,Après-midi,Marie,1029,41,46,False,31.0,65.3
2025-09-19,B002,Après-midi,Thomas,960,30,45,True,18.9,41.1
2025-09-07,A003,Nuit,Anna,858,13,69,True,22.7,78.5
2025-08-31,A001,Après-midi,Sophie,1105,7,85,False,24.4,47.2
2025-09-16,B002,Nuit,Jean,1155,12,56,False,21.5,46.4
2025-09-17,B002,Après-midi,Jean,1082,23,39,True,20.1,41.2
2025-09-16,B002,Matin,Anna,1128,26,19,False,31.2,61.2
2025-09-18,B001,Après-midi,Sophie,973,5,76,True,22.0,60.8
2025-08-25,B001,Matin,Luc,925,7,99,False,18.9,62.7
2025-09-03,A003,Nuit,Pierre,920,38,96,True,23.4,55.6
2025-09-18,A001,Après-midi,Pierre,934,15,97,True,32.6,65.9
2025-09-05,C002,Après-midi,Sophie,1187,27,13,True,18.1,65.3
2025-09-19,A003,Après-midi,Sophie,1011,33,114,True,31.1,64.4
2025-09-17,B001,Après-midi,Pierre,998,24,1,True,34.2,50.8
2025-09-22,C002,Matin,Luc,856,29,37,True,26.9,47.6
2025-08-31,A003,Matin,Marie,1119,47,112,False,24.5,69.8
2025-09-05,A001,Après-midi,Marie,1041,39,29,True,30.3,63.0
2025-09-21,A002,Matin,Luc,876,23,21,False,23.0,52.6
2025-08-26,C002,Nuit,Sophie,805,19,99,True,28.9,59.2
2025-09-22,C002,Après-midi,Anna,1176,45,87,True,28.9,50.2
2025-08-31,B001,Après-midi,Marie,907,30,69,True,20.6,45.0
2025-09-14,A003,Matin,Sophie,1130,29,52,False,23.7,54.9
2025-09-10,B002,Matin,Thomas,1193,10,98,False,30.5,50.7
2025-09-22,B001,Après-midi,Marie,1188,13,80,False,30.0,59.3
2025-08-27,A003,Après-midi,Thomas,927,32,42,True,22.7,55.2
2025-09-06,A001,Nuit,Thomas,1190,1,113,True,32.0,49.6
2025-09-14,A002,Matin,Marie,989,12,53,False,27.3,40.9
2025-08-26,C001,Nuit,Jean,826,42,95,True,33.2,54.2
2025-09-08,C001,Après-midi,Thomas,1106,10,90,False,18.1,59.6
2025-09-20,C001,Matin,Luc,1117,50,92,True,20.8,79.4
2025-08-26,B002,Après-midi,Jean,961,9,80,True,31.4,56.1
2025-08-31,A003,Nuit,Pierre,928,3,35,False,28.5,75.7
2025-09-17,B001,Après-midi,Pierre,851,40,105,True,22.0,47.6
2025-09-09,A001,Après-midi,Thomas,839,5,91,False,32.1,63.2
2025-09-23,A003,Après-midi,Thomas,1064,49,20,True,22.0,60.2
2025-09-16,C001,Nuit,Sophie,1179,29,82,True,28.1,53.0
2025-09-05,A001,Nuit,Sophie,1024,11,75,True,34.7,56.9
2025-09-21,B001,Après-midi,Pierre,1064,38,53,False,23.4,53.9
2025-09-14,B002,Nuit,Anna,1110,35,107,True,24.8,74.2
2025-09-08,C001,Nuit,Jean,1082,0,11,True,29.4,66.1
2025-09-02,A001,Matin,Marie,938,3,4,True,18.4,73.0
2025-09-13,A001,Matin,Anna,1043,33,117,False,19.4,69.2
2025-08-29,B001,Matin,Jean,1120,11,22,False,22.4,60.3
2025-08-26,B002,Après-midi,Thomas,929,8,110,False,32.3,74.3
2025-08-29,C002,Matin,Marie,822,28,1,True,33.4,50.1
2025-09-14,A002,Matin,Marie,837,36,65,True,28.4,76.0
2025-08-24,A003,Matin,Marie,1051,27,1,False,24.7,60.6
2025-09-21,B001,Après-midi,Luc,1111,11,104,False,33.6,68.3
2025-09-10,C001,Après-midi,Anna,1130,25,35,True,29.3,75.2
2025-08-30,A003,Après-midi,Thomas,1063,32,87,True,31.3,53.7
2025-08-29,C001,Nuit,Pierre,1140,25,58,True,24.0,77.9
2025-08-26,A003,Matin,Marie,826,4,13,False,18.7,65.1
2025-08-25,A002,Matin,Marie,841,5,57,True,18.1,57.4
2025-09-10,B002,Matin,Jean,873,21,14,False,19.6,76.4
2025-09-20,A002,Matin,Sophie,807,47,94,True,31.9,40.3
2025-09-15,B002,Après-midi,Marie,978,36,26,True,22.2,73.9
2025-09-17,C002,Après-midi,Marie,801,21,51,True,18.4,50.7
2025-09-19,A003,Après-midi,Anna,1003,9,20,True,24.8,75.9
2025-09-09,B002,Nuit,Anna,839,49,2,True,23.5,41.5
2025-09-01,A001,Après-midi,Pierre,1107,37,53,True,24.6,41.8
2025-09-03,C001,Après-midi,Sophie,1046,1,37,True,35.0,71.7
2025-09-09,A003,Nuit,Anna,1020,16,12,False,19.8,66.9
2025-08-25,A001,Matin,Anna,995,38,110,True,29.1,70.1
2025-09-13,C001,Matin,Thomas,915,32,111,False,28.9,51.9
2025-09-04,A003,Nuit,Anna,966,10,42,False,31.1,48.5
2025-09-13,A003,Nuit,Luc,964,50,112,True,31.1,78.2
2025-09-19,A001,Matin,Marie,868,18,66,True,31.6,59.2
2025-09-02,B001,Matin,Sophie,998,9,115,True,23.1,78.2
2025-09-01,C002,Après-midi,Thomas,835,31,68,False,29.3,75.9
2025-09-04,A001,Matin,Anna,1028,23,95,False,30.9,61.4
2025-09-01,B002,Après-midi,Jean,1001,9,26,True,31.6,69.2
2025-08-29,B002,Nuit,Thomas,897,34,86,False,20.6,72.1
2025-09-10,A003,Matin,Thomas,886,34,0,True,23.7,78.0
2025-09-09,A003,Nuit,Thomas,1076,24,31,True,20.2,50.2
2025-09-02,C002,Après-midi,Sophie,828,31,113,False,22.9,43.8
2025-09-12,B002,Nuit,Anna,1065,8,78,True,30.8,43.4
2025-08-24,A003,Matin,Jean,883,0,97,False,29.8,59.0
2025-08-26,C002,Après-midi,Luc,1172,49,115,False,35.0,49.3
2025-09-11,C001,Nuit,Jean,802,0,97,False,31.3,61.4
2025-09-19,A001,Matin,Jean,1171,41,28,False,27.3,46.4
2025-09-05,A003,Matin,Luc,1046,24,47,False,20.0,62.1
2025-08-29,C001,Matin,Marie,957,45,16,True,18.1,44.9
2025-08-24,B001,Nuit,Anna,1041,48,15,True,18.2,45.7
2025-09-05,A001,Matin,Marie,953,50,10,True,21.3,71.0
2025-09-19,A003,Nuit,Marie,1103,20,27,True,20.3,42.6
2025-09-18,B001,Après-midi,Thomas,1107,9,46,False,24.7,68.0
2025-09-01,B001,Nuit,Luc,1100,21,4,True,28.2,74.4
2025-09-11,C001,Matin,Thomas,1058,35,94,True,24.8,50.8
2025-08-28,A003,Matin,Pierre,973,31,22,True,34.0,65.9
2025-09-22,C002,Nuit,Luc,919,21,41,False,18.8,70.6
2025-09-08,B001,Après-midi,Thomas,975,8,20,True,30.7,46.5
2025-08-24,B002,Matin,Luc,840,43,113,True,24.3,79.2
2025-08-25,C001,Après-midi,Sophie,1076,29,53,True,22.8,75.8
2025-09-14,C002,Après-midi,Luc,855,34,46,False,23.8,52.8
2025-08-27,A003,Après-midi,Sophie,807,37,36,True,28.0,73.6
2025-08-29,B002,Après-midi,Marie,1190,4,57,False,21.0,61.2
2025-09-17,B001,Matin,Pierre,981,15,52,False,28.3,53.6
2025-09-07,B002,Nuit,Marie,874,49,98,False,20.1,48.5
2025-08-25,C002,Matin,Sophie,1022,44,73,True,24.0,62.9
2025-09-19,B001,Après-midi,Sophie,941,46,22,False,32.5,51.1
2025-09-23,A003,Matin,Jean,812,27,117,False,34.7,72.8
2025-09-14,A003,Nuit,Pierre,918,5,5,False,25.4,54.2
2025-09-07,A002,Matin,Jean,1163,21,3,True,34.3,69.6
2025-09-11,A001,Nuit,Marie,1118,27,6,False,23.5,64.2
2025-09-23,A003,Matin,Luc,972,9,94,False,34.9,57.1
2025-09-03,A003,Nuit,Anna,955,49,27,True,31.9,42.9
2025-09-18,A001,Après-midi,Anna,991,32,87,True,28.8,52.7
2025-09-03,C001,Nuit,Marie,1083,1,100,True,26.7,51.2
2025-09-17,A002,Nuit,Marie,871,12,89,True,19.0,78.5
2025-09-15,A002,Après-midi,Luc,1177,2,14,True,21.0,54.5
2025-08-25,A003,Après-midi,Jean,1132,2,101,True,32.5,48.8
2025-08-27,B002,Nuit,Anna,952,30,95,False,34.4,63.3
2025-08-28,A003,Nuit,Thomas,1135,43,91,False,27.2,62.6
2025-08-28,B001,Après-midi,Jean,1059,12,22,False,19.3,77.5
2025-09-14,B001,Après-midi,Pierre,1070,45,42,True,32.2,69.7
2025-09-22,A003,Nuit,Jean,1149,38,120,True,30.8,48.6
2025-08-25,C002,Matin,Marie,1179,36,39,True,34.8,42.1
2025-09-20,C002,Matin,Pierre,927,31,104,True,23.3,64.9
2025-09-02,B001,Nuit,Marie,1159,36,66,False,18.9,75.0
2025-08-30,A001,Après-midi,Pierre,1090,18,92,False,24.9,71.0
2025-09-06,C001,Matin,Luc,899,7,10,False,25.0,61.7
2025-08-26,C001,Nuit,Pierre,1029,6,111,False,34.5,55.2
2025-09-23,A003,Matin,Luc,1106,20,55,True,26.9,58.8
2025-09-22,B001,Après-midi,Anna,984,3,44,True,27.0,55.2
2025-08-29,A001,Nuit,Anna,906,37,35,False,22.4,75.2
2025-09-21,C001,Nuit,Thomas,1164,14,86,True,31.1,77.7
2025-09-12,B001,Matin,Pierre,1154,16,20,False,19.6,60.1
2025-09-15,B002,Après-midi,Jean,983,21,93,True,30.0,54.0
2025-09-07,C002,Matin,Jean,937,14,4,True,31.9,77.9
2025-09-12,B001,Matin,Thomas,879,43,58,True,33.5,79.0
2025-08-24,A002,Après-midi,Sophie,992,19,72,False,23.3,50.6
2025-09-04,A003,Nuit,Luc,939,16,79,True,27.6,75.6
2025-08-24,C002,Matin,Jean,936,38,105,True,21.9,46.6
2025-09-03,B002,Après-midi,Pierre,967,32,119,False,33.2,52.1
2025-08-30,C002,Matin,Pierre,876,28,116,False,26.2,51.0
2025-09-12,A002,Après-midi,Luc,1005,40,96,True,22.2,43.0
2025-09-09,A001,Nuit,Jean,1184,46,120,True,29.6,69.2
2025-09-05,A003,Matin,Thomas,890,34,8,False,18.3,56.7
2025-09-01,B002,Nuit,Marie,1128,36,83,False,21.5,53.8
2025-09-03,A002,Après-midi,Jean,964,10,36,False,34.5,57.1
2025-09-21,A002,Après-midi,Thomas,1115,2,74,True,30.2,45.4
2025-08-27,C002,Matin,Luc,928,18,7,False,20.1,49.3
2025-09-19,A001,Matin,Luc,875,49,93,True,32.0,69.8
2025-08-24,A002,Après-midi,Jean,990,48,37,False,19.5,78.0
2025-08-24,A001,Après-midi,Pierre,1143,19,74,False,21.8,65.1
2025-09-11,C001,Matin,Jean,890,0,90,True,20.8,53.1
2025-08-27,B001,Matin,Sophie,972,48,33,True,25.2,71.9
2025-09-07,C002,Matin,Pierre,942,14,64,True,26.6,53.3
2025-09-14,A001,Après-midi,Sophie,823,32,39,True,18.3,67.0
2025-09-13,C002,Nuit,Sophie,903,2,96,False,30.6,72.7
2025-09-02,A001,Matin,Sophie,1178,19,115,False,34.7,46.4
2025-09-17,B002,Nuit,Thomas,1188,43,44,False,33.0,78.1
2025-09-07,C001,Nuit,Marie,1188,16,50,False,27.0,52.9
2025-09-17,C002,Après-midi,Luc,1030,42,108,True,22.8,47.1
2025-08-25,C001,Nuit,Pierre,1148,13,59,False,33.3,47.1
2025-09-15,B002,Après-midi,Sophie,1007,43,107,True,30.9,72.9
2025-08-28,B001,Après-midi,Anna,843,36,90,False,22.2,79.8
2025-09-08,A002,Nuit,Sophie,1054,39,107,True,34.5,71.1
2025-09-14,B001,Matin,Jean,900,48,3,True,19.0,61.4
2025-09-17,C002,Nuit,Marie,911,43,115,False,23.4,48.9
2025-08-30,A001,Nuit,Luc,819,40,43,False,34.0,75.4
2025-09-02,C002,Après-midi,Sophie,967,10,76,True,18.9,52.3
2025-09-08,B001,Après-midi,Jean,836,41,7,True,31.9,41.5
2025-08-26,C001,Matin,Thomas,1047,36,31,True,26.5,64.2
2025-09-02,B002,Après-midi,Sophie,1123,47,26,True,34.0,46.1
2025-09-10,B001,Matin,Thomas,1058,38,96,False,24.8,60.3
2025-08-27,B002,Après-midi,Sophie,1070,42,32,True,23.1,44.6
2025-09-15,A003,Après-midi,Anna,1056,38,109,False,28.1,60.2
2025-09-07,B002,Après-midi,Thomas,1033,17,62,True,28.9,74.0
2025-09-11,A002,Matin,Marie,1139,21,2,False,31.0,40.9
2025-09-09,A001,Matin,Marie,1020,32,45,True,22.3,70.3
2025-09-13,C002,Après-midi,Luc,984,4,67,False,31.8,51.7
2025-08-27,A001,Matin,Anna,1130,32,115,False,22.3,41.5
2025-09-20,C001,Après-midi,Marie,962,41,2,False,23.7,45.9
2025-09-03,A002,Nuit,Anna,1183,44,39,False,25.5,42.4
2025-08-28,A002,Matin,Luc,1157,41,31,True,32.4,53.1
2025-09-04,C001,Matin,Pierre,837,22,113,False,29.4,62.8
2025-09-02,A002,Nuit,Sophie,1172,33,35,False,30.1,64.7
2025-09-09,C001,Après-midi,Anna,997,20,59,False,31.1,56.4
2025-09-09,C001,Après-midi,Luc,1050,38,32,True,18.2,62.6
2025-09-22,A003,Après-midi,Pierre,930,32,32,True,33.0,78.9
2025-09-13,A002,Après-midi,Luc,1017,22,24,False,28.8,78.7
2025-08-31,A003,Matin,Luc,921,26,103,True,21.1,41.4
2025-09-21,A003,Nuit,Pierre,847,47,119,True,30.9,42.3
2025-09-14,A002,Nuit,Anna,1116,0,0,True,26.1,46.7
2025-08-29,A002,Après-midi,Pierre,1184,6,118,False,30.1,56.8
2025-09-16,B002,Matin,Sophie,940,48,52,True,24.7,50.7
2025-09-17,A003,Nuit,Jean,828,16,19,False,19.3,41.3
2025-08-24,A003,Nuit,Sophie,896,31,70,False,34.3,76.3
2025-08-29,C001,Nuit,Thomas,1056,19,57,True,30.1,61.1
2025-09-12,A001,Nuit,Thomas,1048,1,112,False,28.0,56.0
2025-08-31,A002,Matin,Marie,1107,34,0,True,28.8,57.9
2025-08-31,A002,Nuit,Thomas,1148,40,63,True,24.2,55.2
2025-09-15,B002,Après-midi,Thomas,1113,9,79,True,21.4,48.6
2025-08-27,A002,Matin,Marie,822,43,1,False,28.4,73.0
2025-09-15,A001,Nuit,Jean,1155,8,11,True,32.0,71.8
2025-09-23,A002,Nuit,Jean,1105,30,91,True,33.6,61.3
2025-08-25,A003,Matin,Thomas,998,43,61,False,21.5,50.8
2025-09-04,A003,Matin,Pierre,857,32,72,True,22.4,73.8
2025-09-15,A002,Nuit,Marie,843,27,18,False,23.7,76.0
2025-09-12,B002,Nuit,Luc,885,26,38,True,33.2,45.9
2025-08-26,B002,Nuit,Thomas,938,7,60,False,34.6,74.0
2025-08-31,C002,Nuit,Marie,1137,27,114,False,23.4,74.6
2025-09-18,C001,Nuit,Pierre,1054,29,111,False,25.3,42.7
2025-09-05,A001,Matin,Luc,808,7,86,True,20.0,62.2
2025-09-07,C001,Après-midi,Pierre,1076,25,53,True,34.5,72.6
2025-09-05,C001,Nuit,Pierre,1019,30,99,False,28.6,73.7
2025-09-14,C001,Matin,Marie,1048,11,17,False,23.3,69.9
2025-09-10,A001,Matin,Luc,1013,46,33,False,28.5,49.2
2025-09-21,B002,Nuit,Thomas,1151,23,2,False,33.5,52.7
2025-09-23,C001,Après-midi,Anna,1065,39,86,False,25.3,61.9
2025-08-30,B002,Matin,Pierre,1137,25,37,True,29.8,67.0
2025-09-19,B002,Nuit,Anna,943,24,80,False,23.5,49.3
2025-09-08,A001,Matin,Anna,1013,1,12,False,24.3,46.6
2025-09-06,B002,Après-midi,Jean,1154,44,86,False,24.5,60.5
2025-09-20,C001,Matin,Luc,1050,48,96,False,18.6,56.5
2025-08-30,C002,Matin,Thomas,1127,33,116,True,21.3,51.1
2025-09-11,B001,Nuit,Sophie,1151,23,69,True,27.6,61.2
2025-08-29,A003,Matin,Pierre,854,30,116,True,28.0,73.0
2025-08-30,C002,Nuit,Anna,944,39,56,False,30.4,46.8
2025-09-04,B002,Après-midi,Sophie,1159,37,8,True,32.4,72.5
2025-09-11,B001,Nuit,Anna,864,34,103,False,29.8,72.1
2025-08-30,A002,Matin,Thomas,1155,8,77,True,20.8,56.2
2025-09-17,A003,Nuit,Thomas,1103,26,106,False,21.4,42.1
2025-09-23,A002,Après-midi,Anna,968,33,77,True,22.3,71.6
2025-09-16,B002,Nuit,Thomas,840,23,86,True,23.4,45.8
2025-09-20,A002,Nuit,Sophie,1148,3,91,False,33.3,68.0
2025-09-17,A001,Après-midi,Pierre,1129,16,27,True,27.7,65.7
2025-09-19,B001,Nuit,Luc,867,26,77,True,34.9,72.0
2025-08-28,C001,Après-midi,Sophie,1079,42,1,False,23.6,64.8
2025-09-21,B002,Nuit,Sophie,895,46,33,True,34.7,78.7
2025-09-17,B002,Matin,Thomas,940,11,50,False,34.2,59.5
2025-09-20,B001,Matin,Pierre,857,37,45,True,19.4,74.2
2025-09-10,C002,Matin,Thomas,1070,29,63,False,21.4,64.1
2025-09-10,A001,Matin,Marie,896,46,90,True,23.6,49.1
2025-09-09,C002,Après-midi,Luc,1186,48,80,False,26.7,75.7
2025-09-21,C001,Matin,Luc,996,16,29,False,31.6,64.0
2025-09-21,C001,Après-midi,Marie,1024,6,93,False,19.1,73.6
2025-09-06,B001,Nuit,Marie,939,36,63,True,27.8,67.1
2025-09-16,B001,Nuit,Sophie,1077,41,106,True,21.5,55.5
2025-08-31,A001,Après-midi,Pierre,1100,44,45,False,20.4,45.1
2025-09-01,A003,Après-midi,Sophie,966,7,106,True,28.6,48.6
2025-08-28,A001,Nuit,Luc,957,13,40,True,29.7,60.1
2025-09-03,B001,Nuit,Marie,1137,14,93,True,34.7,62.9
2025-08-25,C002,Matin,Marie,905,15,61,False,34.1,75.2
2025-09-18,B002,Après-midi,Luc,1123,48,66,False,21.6,68.4
2025-09-09,A002,Nuit,Jean,1153,50,59,False,28.8,41.0
2025-09-18,A003,Après-midi,Sophie,856,49,95,True,34.7,40.3
2025-09-21,A002,Matin,Jean,936,36,26,False,22.4,66.1
2025-09-08,C002,Après-midi,Anna,962,21,88,False,21.0,67.4
2025-09-02,B002,Matin,Luc,1150,26,21,False,27.5,73.1
2025-09-12,C001,Nuit,Thomas,963,38,59,True,30.8,59.3
2025-09-18,A001,Après-midi,Thomas,1048,50,47,False,26.2,41.3
2025-09-15,B002,Matin,Luc,947,47,29,False,21.9,55.9
2025-09-14,A003,Après-midi,Sophie,1070,46,13,True,30.8,64.1
2025-09-05,B002,Matin,Luc,1187,41,11,True,21.0,76.7
2025-08-25,C002,Après-midi,Pierre,1173,7,99,False,32.6,70.1
2025-09-07,C001,Nuit,Luc,1168,40,55,False,29.5,51.0
2025-09-16,A001,Matin,Marie,973,31,86,False,33.3,68.4
2025-09-11,B001,Après-midi,Jean,1094,48,49,True,23.8,76.6
2025-09-14,A002,Après-midi,Thomas,961,18,65,True,24.8,71.7
2025-08-31,A003,Matin,Sophie,1013,26,36,True,25.3,66.0
2025-09-04,C001,Après-midi,Anna,1137,50,106,False,25.2,40.1
2025-08-31,C002,Nuit,Anna,1086,3,85,False,27.7,42.3
2025-09-16,A001,Nuit,Marie,1078,24,115,False,22.6,43.5
2025-09-03,A001,Après-midi,Anna,1159,41,1,False,20.1,47.7
2025-08-29,C002,Nuit,Luc,1053,7,21,True,23.3,55.3
2025-09-08,C002,Après-midi,Sophie,1039,11,118,False,28.3,41.1
2025-08-26,C002,Nuit,Pierre,825,37,113,True,26.4,54.6
2025-09-07,B002,Après-midi,Luc,826,18,82,True,32.2,43.3
2025-09-16,C001,Après-midi,Sophie,1113,24,34,True,22.8,51.3
2025-09-11,B001,Nuit,Marie,1130,40,70,True,23.3,60.6
2025-09-13,A003,Matin,Luc,1181,43,5,True,32.8,71.0
2025-08-30,A001,Matin,Marie,1139,45,23,True,32.5,76.7
2025-08-24,C002,Nuit,Pierre,1043,35,70,True,26.6,72.8
2025-09-06,A001,Après-midi,Marie,1076,11,56,True,32.2,42.4
2025-09-02,A002,Après-midi,Luc,931,46,107,True,28.0,46.2
2025-08-30,B001,Après-midi,Pierre,966,27,114,False,19.1,65.7
2025-09-01,A003,Matin,Thomas,1130,13,82,True,21.0,52.9
2025-08-31,C001,Matin,Thomas,858,0,12,False,33.1,74.2
2025-09-07,A001,Après-midi,Luc,1077,45,107,True,33.9,55.5
2025-09-03,A002,Matin,Marie,911,39,92,True,28.3,79.8
2025-09-03,B001,Nuit,Pierre,1087,10,47,True,34.1,43.5
2025-08-25,C001,Après-midi,Luc,974,14,4,False,32.7,69.3
2025-09-15,A001,Matin,Jean,1051,24,49,True,29.4,59.8
2025-09-14,B001,Matin,Thomas,861,29,34,True,27.5,72.4
2025-08-31,C002,Après-midi,Anna,1159,3,91,True,23.0,48.8
2025-09-09,B002,Après-midi,Anna,964,15,106,False,35.0,67.5
2025-09-02,A002,Après-midi,Thomas,803,32,81,True,20.0,55.2
2025-09-04,A003,Nuit,Anna,1082,0,51,True,21.8,47.4
2025-08-25,B002,Après-midi,Marie,948,9,105,False,26.3,68.4
2025-08-30,C002,Nuit,Marie,1049,23,11,False,28.8,52.0
2025-09-09,A001,Matin,Anna,961,9,112,True,24.9,41.9
2025-08-24,C002,Matin,Luc,1017,17,1,False,31.1,50.2
2025-09-16,A001,Après-midi,Pierre,843,37,27,True,23.6,61.1
2025-09-23,B002,Nuit,Sophie,850,42,89,False,33.9,74.9
2025-09-05,A003,Après-midi,Jean,855,10,34,True,29.1,64.1
2025-09-10,C002,Après-midi,Jean,803,43,81,False,23.3,44.5
2025-09-19,B001,Matin,Luc,969,41,5,True,33.3,51.7
2025-09-04,C002,Après-midi,Pierre,933,34,96,True,32.4,71.6
2025-09-14,A002,Nuit,Anna,1198,35,52,True,27.8,72.4
2025-09-01,B002,Nuit,Marie,837,24,76,True,23.1,41.8
2025-09-23,B001,Nuit,Thomas,1101,37,41,False,28.8,71.8
2025-09-21,A002,Nuit,Jean,893,4,4,True,18.5,65.5
2025-08-25,A003,Après-midi,Anna,846,26,77,True,33.9,57.2
2025-08-25,A002,Matin,Sophie,1176,11,74,False,24.5,57.0
2025-09-03,A003,Nuit,Sophie,1199,18,60,False,18.5,50.7
2025-09-15,A001,Nuit,Pierre,972,25,15,True,21.9,79.5
2025-08-31,B002,Matin,Thomas,1127,4,76,False,20.1,42.8
2025-09-07,B002,Après-midi,Jean,938,29,23,True,28.2,63.6
2025-09-16,C002,Matin,Luc,859,10,67,True,20.4,53.9
2025-09-16,C002,Matin,Luc,1121,30,10,False,26.3,45.4
2025-09-15,A002,Après-midi,Pierre,945,34,30,False,33.5,70.7
2025-09-16,B002,Après-midi,Marie,950,16,105,True,34.5,61.6
2025-09-14,C002,Nuit,Jean,1117,23,47,True,18.1,65.4
2025-09-22,A001,Après-midi,Marie,1032,21,32,False,31.7,56.0
2025-08-25,A001,Nuit,Marie,1128,50,76,True,20.8,53.6
2025-09-19,C002,Après-midi,Anna,1101,23,78,False,32.7,55.3
2025-08-29,B001,Matin,Luc,803,38,111,False,32.4,52.8
2025-08-28,C002,Nuit,Jean,1082,18,56,True,32.9,55.0
2025-09-02,A001,Matin,Luc,1178,26,29,True,23.3,44.9
2025-08-29,B002,Après-midi,Marie,1040,32,60,False,21.5,58.7
2025-08-28,C001,Nuit,Thomas,1167,4,15,False,23.1,63.6
2025-09-16,A001,Matin,Luc,818,50,101,False,18.7,71.4
2025-09-01,A001,Après-midi,Sophie,1032,43,23,False,21.2,76.9
2025-09-20,B002,Nuit,Anna,1168,32,62,True,24.5,76.7
2025-09-18,C002,Matin,Marie,1130,11,89,True,21.3,55.2
2025-09-11,C001,Après-midi,Marie,993,1,59,True,21.3,42.4
2025-09-15,B002,Nuit,Anna,851,32,64,True,20.1,56.6
2025-08-24,C002,Après-midi,Luc,1070,5,43,True,23.2,57.8
2025-09-12,A001,Matin,Marie,873,22,111,False,30.7,41.9
2025-09-23,A003,Nuit,Marie,814,38,2,False,31.9,67.8
2025-09-23,C001,Nuit,Pierre,913,27,82,False,21.6,55.3
2025-09-05,B001,Nuit,Sophie,1038,49,21,True,20.2,60.6
2025-09-03,A001,Après-midi,Pierre,808,8,112,True,24.6,61.9
2025-09-21,C002,Matin,Thomas,931,12,95,True,24.9,46.8
2025-09-03,C002,Nuit,Jean,954,4,26,False,19.3,75.3
2025-09-16,A003,Matin,Pierre,1001,38,118,True,20.6,44.1
2025-09-06,A003,Matin,Sophie,1042,25,47,False,30.5,72.5
2025-09-21,C001,Matin,Anna,853,18,19,True,31.2,69.4
2025-09-19,B001,Matin,Luc,984,7,89,True,24.2,63.4
2025-09-19,C002,Après-midi,Luc,1176,18,58,False,21.0,41.1
2025-09-16,A001,Nuit,Luc,855,6,25,True,28.2,41.6
2025-09-16,C001,Nuit,Pierre,858,31,48,True,33.4,68.5
2025-08-30,B002,Matin,Thomas,984,5,95,False,30.1,65.0
2025-08-30,C001,Matin,Marie,1092,41,22,False,34.2,44.3
2025-08-31,A002,Matin,Marie,887,20,107,True,34.1,50.2
2025-09-08,C001,Nuit,Sophie,1060,28,96,False,21.6,75.2
2025-09-07,C002,Après-midi,Marie,812,22,77,False,22.4,57.1
2025-09-16,A003,Nuit,Jean,809,12,99,True,21.8,63.9
2025-09-14,A003,Après-midi,Anna,1145,30,72,True,32.0,50.1
2025-09-05,B002,Matin,Anna,980,44,40,False,31.7,67.0
2025-08-29,B002,Après-midi,Thomas,1123,39,42,True,32.6,49.5
2025-09-14,A003,Nuit,Sophie,1182,28,8,True,21.4,74.5
2025-08-31,B001,Matin,Sophie,909,1,96,True,30.8,62.7
2025-09-17,C001,Nuit,Anna,1092,37,86,False,27.0,62.5
2025-08-29,B002,Nuit,Anna,993,21,99,False,29.8,57.8
2025-09-19,A002,Matin,Sophie,1083,9,36,True,26.6,68.2
2025-09-13,A003,Nuit,Marie,1087,12,40,True,25.5,71.9
2025-08-29,A001,Après-midi,Anna,997,35,33,False,26.0,53.7
2025-09-02,A003,Matin,Jean,906,0,112,False,25.4,56.6
2025-08-24,A002,Nuit,Luc,840,42,28,True,18.9,60.6
2025-09-11,C002,Matin,Marie,1150,48,22,False,25.6,69.5
2025-09-03,C002,Nuit,Pierre,975,38,96,True,23.4,43.8
2025-09-06,C002,Après-midi,Marie,952,30,106,False,25.2,72.7
2025-08-24,A003,Nuit,Marie,862,2,119,True,22.9,74.5
2025-09-08,C001,Après-midi,Anna,989,1,3,False,25.1,62.7
2025-09-16,C002,Après-midi,Pierre,1129,45,71,False,31.0,72.6
2025-09-18,A003,Matin,Thomas,1086,30,53,False,27.7,61.1
2025-09-17,B002,Matin,Jean,1078,36,77,True,27.7,56.7
2025-09-05,A002,Nuit,Thomas,815,19,118,True,34.9,65.3
2025-09-16,C001,Après-midi,Thomas,1081,36,23,False,33.3,46.3
2025-09-20,A001,Nuit,Anna,854,15,93,True,27.5,63.1
2025-08-31,A002,Après-midi,Luc,1018,25,115,True,18.1,57.5
2025-09-15,A001,Matin,Anna,840,36,102,True,28.7,55.2
2025-09-13,A002,Nuit,Pierre,938,35,32,True,25.2,44.0
2025-09-02,A002,Nuit,Thomas,867,1,118,True,18.7,65.0
2025-08-30,A003,Après-midi,Sophie,1155,14,120,True,28.1,67.0
2025-08-31,C002,Après-midi,Thomas,830,19,70,False,25.3,67.8
2025-08-30,B002,Matin,Luc,847,26,80,True,24.4,53.4
2025-08-26,C001,Nuit,Anna,1149,34,109,False,20.5,46.7
2025-09-08,A001,Nuit,Jean,992,25,53,True,20.7,76.8
2025-09-12,A002,Nuit,Thomas,1123,33,52,True,27.5,49.4
2025-09-21,C001,Après-midi,Luc,1140,23,23,True,19.6,73.6
2025-09-10,C002,Après-midi,Thomas,959,29,104,True,26.3,47.4
2025-09-07,C002,Après-midi,Marie,883,39,22,False,26.6,51.7
2025-09-12,A002,Après-midi,Marie,1013,22,90,True,22.9,43.6
2025-09-20,B001,Matin,Marie,849,32,41,False,28.9,68.6
2025-08-29,C002,Matin,Anna,1105,19,99,False,19.8,63.9
2025-09-01,B001,Nuit,Anna,856,40,72,True,30.1,71.6
2025-09-23,A003,Après-midi,Thomas,965,46,105,True,22.9,63.1
2025-08-28,C001,Matin,Anna,1161,18,62,True,22.8,40.5
2025-09-07,A003,Nuit,Sophie,925,49,49,True,34.1,67.8
2025-08-28,B002,Après-midi,Thomas,915,46,28,False,30.7,53.2
2025-09-20,C002,Nuit,Pierre,1148,21,58,False,26.7,71.2
2025-08-30,B002,Après-midi,Luc,1085,1,110,True,32.4,64.1
2025-08-27,B002,Après-midi,Anna,820,1,13,True,22.9,63.1
2025-09-16,A002,Nuit,Anna,1059,12,5,True,23.1,47.9
2025-09-16,B001,Nuit,Luc,875,20,105,False,31.5,66.8
2025-09-14,A001,Nuit,Marie,802,13,60,True,25.8,68.2
2025-09-01,A001,Nuit,Jean,1186,50,4,False,26.7,61.8
2025-09-12,C002,Matin,Sophie,1188,18,52,True,27.0,54.7
2025-09-11,A001,Après-midi,Sophie,847,14,108,True,27.2,79.5
2025-09-09,C001,Matin,Jean,878,48,49,True,26.6,42.5
2025-09-03,A002,Matin,Jean,1200,1,0,True,32.0,53.3
2025-08-25,A001,Matin,Sophie,1112,12,52,False,32.8,71.3
2025-08-26,B002,Matin,Thomas,1169,7,69,False,33.1,66.0
2025-08-29,C001,Matin,Anna,1118,8,104,True,34.3,48.1
2025-08-27,A001,Nuit,Jean,1145,16,15,True,23.2,75.0
2025-09-06,C001,Après-midi,Marie,952,35,17,False,25.5,71.8
2025-09-15,B001,Nuit,Pierre,1110,8,104,False,23.5,61.5
2025-08-29,C001,Nuit,Marie,929,45,23,True,21.3,65.3
2025-08-29,A001,Matin,Thomas,863,34,34,True,18.2,78.1
2025-09-15,B001,Après-midi,Marie,834,23,117,False,34.5,53.7
2025-08-25,A002,Après-midi,Sophie,842,34,4,True,32.0,57.0
2025-08-25,A001,Nuit,Sophie,1170,10,53,False,18.9,57.9
2025-09-11,C002,Après-midi,Sophie,817,49,90,False,20.5,73.3
2025-08-29,A002,Matin,Thomas,970,1,113,True,21.5,40.6
2025-09-21,B002,Après-midi,Sophie,836,32,85,True,32.2,46.6
2025-09-13,A001,Après-midi,Pierre,1177,19,65,True,23.8,60.8
2025-09-18,A003,Nuit,Luc,1129,6,84,False,34.0,50.3
2025-09-22,B001,Après-midi,Marie,930,3,13,True,27.1,67.0
2025-09-04,A003,Nuit,Anna,924,49,37,False,19.7,65.0
2025-09-15,C001,Après-midi,Thomas,998,3,106,False,30.9,74.5
2025-09-22,B002,Matin,Marie,995,16,61,True,29.5,77.3
2025-09-06,A002,Matin,Jean,1063,36,115,False,19.9,79.0
2025-08-31,A001,Après-midi,Anna,995,4,18,False,28.1,76.6
2025-09-21,B001,Matin,Pierre,1066,1,101,True,28.8,44.9
2025-09-11,C001,Nuit,Anna,1028,1,37,True,22.2,53.2
2025-09-02,B001,Nuit,Jean,982,47,30,False,19.5,45.1
2025-09-11,A002,Après-midi,Luc,1199,18,28,True,21.3,50.6
2025-09-21,B001,Matin,Marie,1113,4,85,True,26.6,68.9
2025-09-05,B001,Matin,Pierre,1141,29,69,True,23.9,54.3
2025-08-27,B002,Après-midi,Marie,1172,44,98,True,19.6,52.1
2025-08-27,A003,Matin,Pierre,821,36,99,True,34.9,75.0
2025-09-21,B002,Nuit,Anna,1140,28,19,False,18.9,42.2
2025-09-21,C001,Nuit,Luc,1039,46,76,False,28.4,44.8
2025-08-26,B001,Après-midi,Pierre,1178,22,86,True,26.9,77.0
2025-09-07,C002,Après-midi,Sophie,968,15,99,False,20.0,78.8
2025-09-17,A002,Après-midi,Thomas,847,15,75,True,26.1,51.9
2025-09-20,A001,Nuit,Anna,1065,31,18,False,20.7,52.5
2025-09-13,C002,Après-midi,Sophie,957,37,22,False,23.3,78.0
2025-08-25,A002,Nuit,Thomas,1022,33,113,False,34.9,56.1
2025-09-23,B001,Après-midi,Jean,1086,23,92,True,23.2,61.9
2025-09-20,C001,Après-midi,Thomas,1133,28,92,False,29.8,67.7
2025-09-17,C001,Matin,Anna,1003,35,30,True,20.0,54.9
2025-09-01,A001,Matin,Thomas,1030,33,91,False,24.8,43.5
2025-08-28,A003,Après-midi,Luc,916,33,113,True,19.5,53.4
2025-08-28,C001,Nuit,Thomas,868,47,119,True,20.5,52.8
2025-09-03,C002,Nuit,Thomas,1059,33,118,False,33.1,59.3
2025-09-16,A003,Après-midi,Thomas,1196,3,95,True,20.8,44.6
2025-09-08,A003,Nuit,Luc,939,20,31,False,24.9,67.4
2025-09-23,C001,Nuit,Anna,886,43,48,False,27.0,62.2
2025-08-27,C002,Après-midi,Anna,844,27,86,False,21.9,74.1
2025-09-16,B001,Après-midi,Thomas,1027,7,43,True,25.8,65.5
2025-09-23,A001,Après-midi,Pierre,1036,45,12,False,25.9,47.7
2025-09-05,C002,Après-midi,Jean,826,30,77,True,34.2,64.5
2025-09-03,B001,Matin,Luc,880,17,1,False,21.0,58.6
2025-09-02,A003,Nuit,Sophie,1200,19,56,True,32.0,59.7
2025-09-10,C001,Matin,Jean,1047,31,4,False,34.0,42.3
2025-09-13,A002,Après-midi,Marie,1031,38,63,False,18.4,71.2
2025-09-07,A001,Matin,Anna,1154,29,30,False,22.0,54.3
2025-09-09,B002,Nuit,Sophie,886,32,95,False,25.8,68.2
2025-09-10,B002,Nuit,Sophie,901,36,88,False,28.1,71.9
2025-08-31,A002,Matin,Anna,1144,38,89,True,19.8,54.1
2025-09-07,A001,Matin,Thomas,1102,44,86,True,24.2,49.6
2025-09-08,A003,Nuit,Anna,1066,10,49,True,34.1,49.3
2025-09-06,C001,Après-midi,Pierre,1088,20,42,False,25.0,53.2
2025-09-04,A002,Matin,Marie,1153,2,99,False,24.9,60.3
2025-08-24,C002,Nuit,Anna,998,26,120,False,24.2,48.2
2025-09-19,A003,Nuit,Sophie,1169,18,78,False,30.5,77.0
2025-09-18,B001,Matin,Thomas,889,5,46,False,18.4,52.8
2025-09-07,A002,Matin,Thomas,1050,21,102,True,33.9,45.5
2025-09-12,C002,Matin,Marie,961,9,12,True,32.4,56.0
2025-09-09,B001,Après-midi,Marie,1147,27,23,False,19.2,40.2
2025-08-27,A003,Nuit,Marie,865,11,5,True,30.9,44.6
2025-09-17,B001,Après-midi,Pierre,808,10,51,True,25.1,58.9
2025-08-28,A003,Matin,Anna,905,19,110,False,27.7,60.3
2025-08-31,A003,Après-midi,Thomas,830,46,37,True,18.1,41.7
2025-09-17,B001,Nuit,Sophie,886,50,30,False,20.8,43.9
2025-08-27,A001,Après-midi,Pierre,981,22,12,False,33.6,50.6
2025-09-18,B001,Nuit,Anna,1089,17,27,False,19.1,43.4
2025-09-09,A002,Après-midi,Anna,1057,16,2,False,24.4,72.1
2025-09-20,A002,Nuit,Pierre,806,0,113,False,33.1,46.8
2025-09-15,C002,Matin,Pierre,850,49,11,False,21.9,54.4
2025-09-09,B001,Nuit,Pierre,1135,8,14,True,21.7,55.5
2025-08-27,C002,Matin,Anna,1100,37,117,False,28.5,44.5
2025-08-30,C002,Matin,Anna,1156,7,67,False,29.4,61.2
2025-09-17,A001,Après-midi,Sophie,975,10,120,True,19.6,75.3
2025-09-07,B002,Nuit,Pierre,873,12,48,False,24.0,58.0
2025-09-07,A002,Matin,Marie,886,38,91,True,30.4,42.0
2025-08-24,B001,Matin,Anna,916,30,112,True,34.6,54.3
2025-09-06,A001,Nuit,Thomas,958,28,98,False,30.1,70.9
2025-09-19,C002,Nuit,Thomas,879,0,16,False,32.8,61.2
2025-09-20,B001,Nuit,Luc,1178,17,58,True,25.9,74.2
2025-08-26,A003,Matin,Jean,1171,33,112,True,32.7,75.0
2025-09-03,C002,Après-midi,Marie,1121,24,79,True,20.5,69.6
2025-08-27,C001,Après-midi,Anna,1025,50,30,False,23.3,44.6
2025-08-25,A003,Matin,Anna,906,25,94,False,21.3,41.2
2025-09-01,A002,Après-midi,Anna,854,17,22,False,26.1,42.1
2025-09-02,A001,Matin,Pierre,930,21,39,False,21.1,71.1
2025-09-05,B002,Après-midi,Pierre,1053,13,120,False,23.2,55.1
2025-09-20,A002,Matin,Marie,904,47,37,True,25.7,49.3
2025-08-27,B002,Matin,Marie,946,47,60,True,21.8,47.4
2025-08-24,C002,Matin,Luc,1024,24,94,True,23.7,56.7
2025-09-08,A002,Matin,Jean,922,19,52,True,28.9,72.6
2025-09-04,A001,Matin,Jean,1032,10,57,False,29.2,59.4
2025-09-14,B002,Après-midi,Pierre,1104,35,52,False,20.8,56.3
2025-08-30,A001,Nuit,Luc,1125,41,38,False,33.6,59.9
2025-09-07,C002,Après-midi,Marie,1037,20,119,False,32.3,53.0
2025-09-15,A003,Après-midi,Thomas,872,6,19,False,31.5,61.4
2025-08-26,A002,Après-midi,Sophie,1155,50,88,False,24.8,68.7
2025-09-16,A001,Matin,Marie,1187,20,13,True,31.3,64.9
2025-08-24,C002,Matin,Thomas,1145,3,6,False,32.3,46.1
2025-09-20,B001,Après-midi,Jean,918,47,53,False,19.4,51.0
2025-09-17,C001,Nuit,Jean,1086,50,42,False,27.4,74.2
2025-09-03,B001,Nuit,Thomas,1128,12,86,True,34.4,67.5
2025-09-02,C001,Matin,Luc,860,22,108,True,24.1,69.8
2025-09-01,A001,Après-midi,Jean,814,44,75,True,29.7,54.7
2025-09-22,C001,Matin,Pierre,1082,17,69,True,23.4,54.3
2025-08-28,B001,Nuit,Luc,996,37,75,True,19.4,77.5
2025-09-15,B002,Après-midi,Anna,1007,31,78,True,18.3,62.4
2025-09-03,C002,Nuit,Sophie,1064,29,10,False,32.1,49.0
2025-08-27,A003,Matin,Marie,1153,1,92,True,30.5,71.3
2025-08-30,B001,Matin,Jean,1079,18,26,True,32.2,61.6
2025-09-07,C002,Après-midi,Thomas,1171,35,98,True,20.2,76.3
2025-08-25,C002,Matin,Marie,904,29,18,True,25.0,73.9
2025-09-16,B001,Nuit,Anna,960,5,22,False,26.6,61.0
2025-09-02,C002,Matin,Marie,1129,44,113,True,27.7,43.4
2025-08-25,B002,Nuit,Pierre,1187,26,91,True,31.1,77.8
2025-09-10,A002,Nuit,Marie,1153,7,3,True,29.0,64.1
2025-09-23,A003,Après-midi,Anna,1021,9,113,True,19.1,40.7
2025-09-08,C002,Après-midi,Jean,807,35,62,True,34.1,47.5
2025-09-22,A003,Nuit,Pierre,816,9,59,False,22.8,42.5
2025-09-20,B001,Nuit,Sophie,1099,14,76,True,23.1,70.5
2025-09-15,B002,Nuit,Luc,800,49,107,False,18.6,79.5
2025-08-29,A002,Matin,Luc,1163,20,3,False,34.9,73.3
2025-09-15,B001,Matin,Anna,977,27,36,True,21.2,60.9
2025-09-11,B001,Après-midi,Luc,970,21,19,False,19.3,66.7
2025-09-21,A003,Matin,Marie,1097,5,64,True,34.8,68.9
2025-09-18,A003,Matin,Sophie,879,15,111,False,22.8,78.5
2025-09-12,B001,Matin,Sophie,1132,21,26,False,28.1,50.9
2025-09-10,C002,Nuit,Marie,1032,44,11,True,21.0,77.9
2025-08-25,C001,Nuit,Sophie,1055,8,119,True,24.3,77.5
2025-09-12,A001,Après-midi,Jean,1124,37,105,False,19.3,57.1
2025-09-16,C002,Matin,Anna,979,50,88,True,34.5,77.9
2025-09-06,A002,Après-midi,Marie,883,22,75,False,19.5,66.7
2025-09-09,C001,Matin,Pierre,945,20,30,True,32.6,43.8
2025-08-31,C002,Matin,Thomas,849,22,84,False,21.5,74.5
2025-09-09,B001,Matin,Sophie,1014,14,45,True,27.2,55.2
2025-09-04,B002,Nuit,Marie,1057,8,22,True,25.6,47.3
2025-09-05,B002,Après-midi,Luc,819,36,32,False,27.1,53.3
2025-09-19,B002,Après-midi,Thomas,839,36,100,True,24.2,67.7
2025-09-13,C001,Matin,Marie,982,49,24,True,24.0,60.1
2025-09-12,B001,Matin,Marie,965,1,66,False,25.8,59.4
2025-09-13,B002,Après-midi,Jean,1067,38,14,True,27.5,46.5
2025-09-16,A003,Après-midi,Anna,1109,42,114,False,32.9,43.3
2025-09-17,C002,Matin,Marie,1182,33,56,False,25.5,42.7
2025-09-04,B001,Après-midi,Marie,1027,23,41,False,23.5,67.2
2025-09-17,C002,Matin,Sophie,867,30,96,False,26.0,54.9
2025-09-17,B001,Nuit,Marie,929,2,110,False,19.7,47.5
2025-09-21,A003,Après-midi,Luc,1161,20,31,False,29.0,57.6
2025-09-17,A001,Nuit,Pierre,1160,8,98,False,32.5,78.9
2025-08-30,B002,Matin,Jean,961,42,51,True,20.1,52.2
2025-09-09,A002,Nuit,Pierre,914,49,84,False,28.4,68.8
2025-08-31,A003,Matin,Sophie,1039,19,54,True,22.7,42.9
2025-09-22,B001,Nuit,Thomas,951,47,65,True,21.3,69.5
2025-09-01,A003,Nuit,Sophie,1187,39,66,False,25.1,60.8
2025-09-14,B001,Nuit,Anna,814,33,77,False,27.7,65.6
2025-08-27,C002,Nuit,Jean,867,36,114,True,29.0,67.9
2025-09-15,A001,Matin,Thomas,924,50,14,False,26.8,64.8
2025-08-28,C002,Nuit,Anna,1188,9,35,False,32.5,51.3
2025-09-21,C001,Matin,Thomas,887,23,94,False,32.1,47.4
2025-09-08,B002,Matin,Anna,826,34,113,True,22.0,49.5
2025-09-23,A003,Après-midi,Pierre,994,50,43,False,29.4,62.5
2025-09-13,A002,Matin,Marie,1178,7,41,True,28.9,40.4
2025-09-03,B001,Après-midi,Sophie,1107,47,39,True,31.8,52.5
2025-09-06,A003,Matin,Sophie,1133,38,39,True,20.1,54.6
2025-09-11,A001,Nuit,Anna,970,34,112,False,34.3,54.1
2025-09-16,A003,Matin,Thomas,1001,33,21,True,32.5,79.4
2025-09-11,A002,Après-midi,Jean,1101,25,4,True,18.1,79.8
2025-08-30,C002,Nuit,Anna,967,44,53,False,29.3,66.2
2025-09-15,B001,Nuit,Luc,967,13,3,True,25.4,64.9
2025-09-08,A002,Matin,Thomas,1029,39,9,True,19.0,67.2
2025-09-11,C002,Après-midi,Jean,1096,7,117,False,27.2,51.8
2025-09-16,A001,Après-midi,Anna,1045,22,40,False,22.2,49.8
2025-08-31,C001,Matin,Sophie,880,22,20,True,26.9,41.0
2025-09-11,B002,Après-midi,Anna,1112,17,3,False,26.9,57.8
2025-09-02,B001,Matin,Jean,1068,45,93,False,22.2,42.3
2025-09-13,A001,Après-midi,Jean,1154,20,27,False,23.7,58.4
2025-09-13,B001,Matin,Jean,918,34,90,False,24.7,66.3
2025-08-27,A003,Après-midi,Sophie,823,11,69,False,32.4,60.4
2025-09-05,C002,Matin,Sophie,955,50,89,True,21.1,67.1
2025-08-28,C002,Matin,Marie,867,49,80,False,22.6,69.9
2025-08-25,A003,Matin,Pierre,1186,41,6,True,18.6,46.4
2025-09-12,B001,Matin,Luc,885,14,51,False,25.6,63.7
2025-09-08,A002,Nuit,Jean,817,2,79,False,27.9,68.3
2025-09-19,A001,Matin,Jean,1120,49,58,True,27.2,74.2
2025-09-05,A001,Après-midi,Anna,1185,15,94,True,32.8,67.4
2025-09-17,B001,Matin,Anna,1193,15,114,True,34.8,68.5
2025-08-27,C002,Après-midi,Marie,1120,22,19,False,18.8,70.9
2025-08-24,A002,Matin,Pierre,904,20,53,True,20.6,77.6
2025-09-03,C002,Après-midi,Luc,1067,28,95,True,19.9,58.8
2025-09-10,A002,Matin,Marie,804,7,94,True,18.1,71.1
2025-08-30,B001,Nuit,Jean,988,35,58,False,30.9,65.2
2025-08-30,A001,Après-midi,Marie,863,10,11,True,21.5,41.8
2025-09-16,C001,Nuit,Sophie,981,47,66,True,25.4,68.9
2025-09-16,A003,Matin,Marie,973,49,117,True,26.4,48.3
2025-08-26,A002,Nuit,Pierre,953,12,106,True,19.2,73.7
2025-09-21,C001,Après-midi,Pierre,951,3,31,False,30.9,70.2
2025-09-23,C002,Après-midi,Thomas,815,46,37,True,31.2,45.9
2025-09-11,B001,Matin,Jean,1117,27,66,False,18.5,65.7
2025-09-11,B002,Matin,Marie,997,40,25,True,28.9,45.2
2025-09-07,A001,Matin,Marie,1145,25,117,True,31.2,71.5
2025-09-19,C002,Après-midi,Pierre,860,0,66,True,22.4,59.1
2025-09-09,C002,Matin,Thomas,1190,19,56,True,21.5,70.4
2025-09-19,C002,Matin,Luc,1075,37,45,True,20.9,58.1
2025-09-11,B002,Matin,Pierre,1012,37,110,True,30.0,45.6
2025-08-28,C002,Matin,Anna,961,14,18,True,34.8,48.6
2025-09-18,A003,Matin,Sophie,848,28,57,True,29.4,63.8
2025-09-22,A001,Après-midi,Luc,1043,25,36,False,19.9,75.1
2025-09-09,B002,Matin,Sophie,801,3,5,True,25.8,67.7
2025-08-27,A003,Après-midi,Marie,1007,8,42,True,30.9,62.9
2025-09-15,C001,Après-midi,Jean,1037,3,99,False,28.5,50.7
2025-09-04,A001,Matin,Jean,1095,36,28,True,30.4,51.9
2025-08-29,B002,Après-midi,Sophie,1071,11,28,False,31.8,54.8
2025-09-07,A001,Matin,Jean,1073,38,106,False,24.3,64.7
2025-09-17,B001,Après-midi,Jean,882,6,40,True,34.1,51.4
2025-08-27,A001,Nuit,Marie,1119,22,7,False,24.7,47.1
2025-09-06,C002,Matin,Marie,976,11,89,True,26.7,71.9
2025-09-11,B002,Après-midi,Thomas,880,21,23,False,28.3,75.3
2025-08-26,A003,Matin,Sophie,1086,25,36,True,26.9,64.5
2025-09-02,B002,Nuit,Thomas,947,18,27,True,29.2,60.3
2025-08-27,A002,Après-midi,Thomas,902,17,31,False,19.9,65.4
2025-09-20,B001,Matin,Anna,970,28,72,False,25.5,73.9
2025-09-03,B001,Nuit,Anna,890,36,107,False,18.0,43.5
2025-09-02,A001,Nuit,Anna,961,3,87,True,26.0,75.7
2025-09-09,B001,Après-midi,Thomas,1036,19,110,True,33.1,54.1
2025-08-29,C001,Nuit,Marie,946,19,4,False,27.4,79.5
2025-08-29,A003,Après-midi,Pierre,905,3,88,True,33.9,56.8
2025-08-28,A002,Après-midi,Luc,906,19,54,True,18.9,69.2
2025-09-11,B002,Matin,Jean,1160,26,17,True,30.3,48.3
2025-09-13,C001,Après-midi,Jean,893,23,4,True,18.0,73.8
2025-09-11,A001,Nuit,Marie,1089,0,10,True,29.0,77.3
2025-08-24,C002,Matin,Marie,1090,33,76,True,22.4,70.5
2025-09-09,A002,Nuit,Sophie,844,38,93,True,20.6,68.4
2025-09-06,C001,Nuit,Marie,1197,5,100,True,33.3,73.7
2025-09-06,B001,Nuit,Thomas,1090,41,87,True,33.9,46.5
2025-09-08,B001,Après-midi,Luc,902,26,81,False,18.6,55.8
2025-08-24,C001,Matin,Luc,900,4,91,True,19.9,49.3
2025-09-09,C002,Matin,Sophie,1173,20,68,False,18.6,63.1
2025-09-05,B002,Matin,Pierre,1161,4,69,False,32.9,60.6
2025-08-29,C002,Nuit,Pierre,850,26,96,True,30.7,76.9
2025-09-05,A001,Après-midi,Jean,1168,47,62,True,29.1,41.1
2025-08-25,B002,Matin,Marie,1173,13,116,False,21.8,57.5
2025-09-19,B002,Après-midi,Luc,1113,17,63,False,21.2,78.9
2025-09-12,C001,Nuit,Marie,938,0,79,True,32.1,62.2
2025-09-06,B001,Matin,Sophie,1007,50,71,True,30.8,44.5
2025-08-26,A002,Matin,Sophie,1027,18,70,False,34.3,65.6
2025-09-19,B002,Nuit,Marie,895,29,107,True,21.7,71.8
2025-09-04,A003,Après-midi,Thomas,1075,10,88,True,34.4,57.0
2025-09-21,B002,Matin,Sophie,870,20,99,True,21.6,53.9
2025-09-08,B001,Nuit,Jean,975,47,99,False,21.1,67.3
2025-08-28,A003,Nuit,Anna,1086,9,33,False,18.9,41.4
2025-09-06,A002,Nuit,Thomas,1054,31,49,True,34.3,60.0
2025-08-31,A001,Matin,Anna,1081,31,6,True,27.1,75.6
2025-09-05,A003,Après-midi,Marie,1088,21,51,False,23.4,66.1
2025-09-21,B001,Nuit,Pierre,847,18,38,False,32.2,61.2
2025-09-09,C001,Nuit,Sophie,916,20,46,False,34.3,46.0
2025-09-15,B001,Matin,Anna,815,31,12,True,23.1,69.1
2025-09-09,A003,Nuit,Jean,940,4,3,True,20.8,62.5
2025-09-23,A003,Nuit,Luc,1059,17,120,False,20.7,63.5
2025-09-02,A001,Nuit,Pierre,983,3,98,True,19.0,76.7
2025-08-30,C001,Nuit,Sophie,1185,23,51,True,23.4,44.0
2025-09-21,C001,Matin,Marie,1173,45,6,True,22.4,53.9
2025-08-31,C002,Matin,Anna,1123,37,1,False,18.7,68.3
2025-09-11,B001,Matin,Jean,841,17,21,False,27.8,48.0
2025-08-24,C001,Après-midi,Sophie,938,49,85,False,22.2,69.8
2025-08-31,A001,Matin,Marie,1150,35,36,True,30.5,74.1
2025-08-29,B002,Après-midi,Sophie,937,43,11,False,32.6,58.9
2025-08-31,B002,Matin,Anna,835,31,25,True,23.2,55.2
2025-09-01,C001,Après-midi,Anna,1123,33,108,False,19.2,56.1
2025-09-16,B002,Nuit,Pierre,1085,4,22,False,18.1,70.2
2025-08-26,A003,Après-midi,Pierre,1199,15,114,True,18.5,58.9
2025-09-22,B001,Matin,Luc,882,48,32,True,31.7,67.9
2025-09-22,B002,Matin,Marie,867,15,71,True,26.7,51.8
2025-09-15,A003,Nuit,Luc,899,47,65,False,23.0,45.5
2025-08-24,B002,Matin,Jean,824,26,1,False,26.6,55.0
2025-09-17,B001,Nuit,Sophie,1007,32,2,True,31.7,77.0
2025-08-27,B001,Nuit,Anna,1199,49,55,False,26.1,41.4
2025-09-03,C002,Nuit,Thomas,1010,5,119,False,27.7,42.4
2025-08-31,B001,Nuit,Thomas,987,50,8,True,23.3,72.4
2025-08-29,B002,Matin,Sophie,934,18,97,True,31.7,40.2
2025-09-06,A001,Après-midi,Luc,1129,20,103,True,30.8,75.8
2025-09-02,C002,Matin,Luc,1138,49,119,False,20.6,77.9
2025-09-13,B002,Nuit,Thomas,1173,46,70,False,21.4,45.5
2025-09-12,B002,Nuit,Sophie,987,48,21,False,18.5,78.9
2025-09-05,C002,Nuit,Luc,985,35,30,False,29.2,43.0
2025-09-20,B002,Matin,Thomas,1088,32,40,True,26.6,57.8
2025-09-05,B001,Matin,Luc,1030,36,34,False,33.1,50.2
2025-08-26,B001,Matin,Luc,1172,12,119,False,23.0,53.0
2025-08-26,B002,Nuit,Anna,808,28,59,True,23.6,64.7
2025-09-23,A002,Après-midi,Anna,1152,25,60,True,21.4,56.1
2025-09-12,B001,Matin,Anna,1146,6,102,True,29.0,77.9
2025-09-16,B002,Nuit,Luc,1061,24,25,True,31.3,78.2
2025-08-25,A002,Après-midi,Pierre,944,26,52,False,26.3,47.3
2025-09-02,A003,Matin,Thomas,964,37,73,True,20.4,70.0
2025-08-25,A001,Après-midi,Jean,831,35,75,False,23.5,52.7
2025-09-09,C002,Matin,Sophie,933,50,57,True,22.0,64.5
2025-09-11,A001,Matin,Anna,825,8,18,True,28.6,56.3
2025-09-10,C002,Matin,Anna,888,30,63,False,32.2,67.9
2025-08-31,A003,Matin,Anna,983,28,38,False,18.2,48.8
2025-09-11,B001,Après-midi,Luc,1017,43,120,False,23.4,57.1
2025-09-20,A001,Après-midi,Pierre,850,40,53,True,18.5,55.2
2025-09-08,C001,Matin,Marie,1024,45,4,True,18.8,52.1
2025-09-03,A003,Matin,Marie,852,16,79,True,18.7,47.0
2025-09-19,C001,Nuit,Marie,834,25,101,True,22.6,56.6
2025-09-18,C001,Matin,Pierre,1018,22,102,False,18.6,66.4
2025-08-25,C002,Après-midi,Pierre,805,8,80,False,26.1,66.7
2025-08-25,A002,Nuit,Marie,825,39,38,False,27.7,48.8
2025-09-22,B001,Après-midi,Sophie,995,2,47,True,31.2,48.4
2025-08-25,C001,Nuit,Thomas,885,29,103,True,21.4,70.8
2025-08-29,B002,Nuit,Pierre,1010,25,64,False,32.0,69.9
2025-09-12,B002,Matin,Thomas,815,6,97,True,31.7,42.1
2025-08-30,B001,Nuit,Pierre,1072,24,0,True,34.3,75.3
2025-09-19,B001,Matin,Pierre,1036,14,11,False,24.6,72.9
2025-09-04,C002,Matin,Marie,1167,45,81,False,27.9,50.8
2025-09-16,A001,Après-midi,Thomas,978,47,62,True,29.1,54.0
2025-09-19,C002,Matin,Sophie,1145,0,77,False,29.8,71.2
2025-09-09,B001,Matin,Marie,1168,10,40,False,24.1,79.2
2025-09-06,C002,Nuit,Sophie,817,8,23,False,29.7,50.7
2025-09-11,B001,Nuit,Marie,1026,1,103,True,31.0,59.4
2025-09-01,C002,Nuit,Anna,883,26,65,False,33.7,41.1
2025-09-15,A001,Matin,Pierre,879,2,99,False,33.9,72.3
2025-09-09,C001,Après-midi,Jean,983,9,65,False,22.6,55.2
2025-09-08,A003,Matin,Luc,1024,5,34,True,28.1,65.5
2025-08-27,A001,Nuit,Marie,878,21,118,False,25.4,43.9
2025-09-17,B002,Matin,Pierre,954,29,44,False,29.0,73.6
2025-09-11,A002,Nuit,Marie,1038,7,12,True,32.5,62.3
2025-09-09,A003,Nuit,Jean,1088,50,32,False,31.5,74.5
2025-09-09,B001,Matin,Marie,995,37,12,False,23.3,44.1
2025-09-05,A002,Matin,Marie,998,39,66,True,31.1,51.6
2025-09-22,A002,Nuit,Thomas,963,44,44,True,30.9,62.5
2025-09-16,A003,Nuit,Marie,911,2,104,True,25.7,52.4
2025-08-24,C002,Matin,Anna,910,17,111,True,31.7,72.9
2025-09-01,C002,Après-midi,Anna,857,10,73,True,22.1,79.9
2025-08-28,A002,Après-midi,Thomas,941,23,105,False,31.7,51.1
2025-09-03,A002,Après-midi,Thomas,1005,42,10,False,31.3,76.6
2025-09-06,A002,Matin,Luc,954,35,17,True,23.9,70.3
2025-09-22,A003,Après-midi,Sophie,1179,31,83,True,19.8,66.7
2025-09-11,B001,Après-midi,Luc,1026,18,59,True,25.2,47.3
2025-09-23,C002,Après-midi,Sophie,1059,34,60,True,24.0,70.9
2025-08-25,B001,Nuit,Sophie,806,17,1,False,34.7,57.7
2025-09-19,B001,Matin,Jean,970,19,91,False,31.5,63.6
2025-09-12,C002,Nuit,Luc,1164,19,18,True,20.4,63.6
2025-09-18,A003,Matin,Marie,998,50,112,True,31.7,69.2
2025-09-11,A002,Nuit,Marie,1153,33,44,False,29.2,79.5
2025-08-24,C002,Après-midi,Jean,1182,8,115,False,18.1,54.5
2025-09-02,A001,Nuit,Marie,912,42,21,False,23.9,74.9
2025-08-27,B001,Matin,Anna,1128,11,45,True,21.5,67.5
2025-08-26,A002,Nuit,Thomas,1147,4,73,False,29.9,71.4
2025-09-09,A002,Nuit,Pierre,896,27,66,True,27.9,40.3
2025-08-29,A001,Matin,Pierre,919,4,32,False,32.4,66.2
2025-09-15,C002,Matin,Marie,1020,30,96,False,31.9,49.0
2025-09-07,C001,Matin,Jean,1063,0,64,True,34.4,69.0
2025-09-16,B002,Nuit,Thomas,1010,25,65,True,29.9,54.2
2025-09-21,A002,Nuit,Anna,1039,11,94,True,25.5,77.2
2025-09-22,A001,Matin,Sophie,1086,3,83,False,30.6,46.4
2025-09-22,A003,Après-midi,Luc,884,14,18,True,23.3,64.3
2025-09-01,C002,Matin,Luc,1066,3,94,True,19.2,43.8
2025-09-07,B001,Nuit,Jean,1114,23,76,False,26.0,67.3
2025-09-22,B001,Après-midi,Pierre,880,10,4,True,26.0,69.3
2025-08-28,B001,Matin,Anna,1014,32,117,False,33.0,65.2
2025-08-28,A001,Matin,Luc,868,24,51,False,25.7,74.8
2025-09-05,C002,Matin,Anna,885,26,100,True,25.3,56.5
2025-09-13,A002,Nuit,Pierre,1156,13,51,False,33.7,69.1
2025-09-13,B001,Nuit,Anna,1021,22,48,False,26.3,54.6
2025-09-03,C001,Matin,Marie,854,21,56,False,22.4,57.0
2025-08-31,A003,Matin,Pierre,807,16,86,True,21.7,68.5
2025-09-03,A001,Matin,Thomas,957,3,111,True,31.3,47.0
2025-09-01,B001,Après-midi,Luc,978,18,19,False,21.1,60.7
2025-09-07,B002,Nuit,Thomas,903,42,116,True,22.8,47.2
2025-09-23,A002,Nuit,Sophie,817,44,74,False,34.8,57.1
2025-08-31,C002,Nuit,Anna,974,1,4,True,26.2,73.1
2025-09-09,A001,Après-midi,Pierre,989,47,26,False,34.8,72.0
2025-09-16,A003,Nuit,Sophie,1015,1,40,False,32.0,77.3
2025-08-30,C001,Nuit,Jean,844,28,28,True,26.8,64.8
2025-09-03,B002,Nuit,Marie,1011,32,40,True,23.9,65.8
2025-09-07,B001,Matin,Sophie,958,18,47,True,28.0,72.2
2025-08-24,A002,Nuit,Thomas,883,39,111,False,24.3,48.2
2025-09-23,C002,Nuit,Jean,962,50,97,True,25.9,51.8
2025-09-16,A002,Après-midi,Jean,867,3,37,True,27.5,51.9
2025-09-22,B001,Nuit,Luc,1046,2,30,True,26.1,73.1
2025-09-08,A001,Nuit,Thomas,1082,24,43,False,29.1,45.2
2025-09-04,A002,Après-midi,Luc,909,24,35,False,33.8,47.9
2025-09-23,A001,Matin,Jean,875,38,64,False,29.4,54.7
2025-09-18,B001,Matin,Luc,899,40,31,True,21.1,76.1
2025-09-02,A003,Matin,Pierre,1159,20,107,True,24.9,75.1
2025-09-07,C001,Après-midi,Jean,856,49,24,False,34.3,48.5
2025-09-18,A003,Nuit,Marie,844,42,75,True,34.5,77.4
2025-09-08,C001,Après-midi,Pierre,851,21,88,False,31.7,56.7
2025-08-28,B002,Après-midi,Jean,1196,4,114,False,28.2,57.3
2025-09-23,C002,Après-midi,Jean,1093,50,90,False,30.9,51.0
2025-08-24,A001,Nuit,Sophie,1056,43,83,True,32.8,40.4
2025-09-10,A003,Après-midi,Marie,961,44,24,True,27.1,73.8
2025-09-07,A002,Après-midi,Pierre,1109,6,6,True,24.3,59.2
2025-08-24,A003,Après-midi,Pierre,949,43,73,False,22.1,58.5
2025-09-11,B002,Nuit,Thomas,954,38,100,False,18.2,55.1
2025-09-18,C001,Après-midi,Marie,1072,11,78,True,31.5,40.5
2025-09-09,C002,Nuit,Luc,967,13,10,True,32.6,68.9
2025-09-19,B002,Matin,Jean,921,49,118,False,20.2,65.7
2025-09-14,C001,Nuit,Sophie,967,41,89,False,32.8,70.0
2025-08-28,C002,Matin,Pierre,1106,39,118,False,23.1,64.0
2025-09-05,C001,Nuit,Anna,851,17,109,False,24.5,71.4
2025-09-06,C001,Nuit,Luc,1111,33,8,False,33.7,67.1
2025-09-11,A002,Après-midi,Anna,927,50,54,True,23.6,56.5
2025-09-13,B001,Nuit,Thomas,1017,46,118,True,27.2,47.4
2025-09-09,A003,Matin,Jean,890,33,49,True,31.6,54.6
2025-09-15,A003,Matin,Thomas,1146,50,24,False,28.0,64.2
2025-08-30,C001,Nuit,Pierre,1196,15,1,False,22.5,69.7
2025-09-09,A002,Nuit,Jean,1007,24,5,True,22.1,56.0
2025-08-27,A003,Après-midi,Anna,841,34,22,False,19.3,45.4
